,String,A,C,D,E,F,G,H,I,K,L,M,N,P,Q,R,S,T,V,W,Y
0,MGTLRSFDQFANAVLEGACERVIVGDLYCDIPLG,3,2,3,2,2,4,0,2,0,4,1,1,1,1,2,1,1,3,0,1
1,MQMSFRSIVRDVRDGFGSLSRRSFDVRLSGGGKS,0,0,3,0,3,5,0,1,1,2,2,0,0,1,6,7,0,3,0,0
2,MSFRSIVRDVRDGFGSLSRRSFDVRLSGGGKSNS,0,0,3,0,3,5,0,1,1,2,1,1,0,0,6,8,0,3,0,0
3,MVKRQRTAFPPNFVHSLDGSHMMMTAVACKKAGL,4,1,1,0,2,2,2,0,3,2,4,1,2,1,2,2,2,3,0,0
4,MKSRSGSAHKMLLEFIAGILTTMVGALLYCLFRR,3,1,0,1,2,3,1,2,2,6,3,0,0,0,3,3,2,1,0,1
5,METSEWHIERRSSFGSESPLAREAGNVPETGSLS,2,0,0,6,1,3,1,1,0,2,1,1,2,0,3,7,2,1,1,0
6,MSSSFNMSSSSSLVFLDLSSNLLISSTIFYWLFN,0,0,1,0,4,0,0,2,0,6,2,3,0,0,0,12,1,1,1,1
7,MEKMNKAFEKVKIMVGMDAEDEDQQAAALNSSNS,5,0,3,4,1,1,0,1,4,1,4,3,0,2,0,3,0,2,0,0
8,MYYSSKQRIITWLILIMIVLYILYSSNFLLLTKV,0,0,0,0,1,0,0,6,2,7,2,1,0,1,1,4,2,2,1,4
9,MNSSIYILVFVQLWLLSLPCRESVCIPSERETLL,0,2,0,3,1,0,0,3,0,7,1,1,2,1,2,5,1,3,1,1
10,MERLFWMVYFFKASMFANATCAMEDATVHSSYQI,5,1,1,2,4,0,1,1,1,1,4,1,0,1,1,3,2,2,1,2
11,MQEMKEKELKYLGNGNANSHVCKVCFESPTTAIM,2,2,0,4,1,2,1,1,4,2,3,3,1,1,0,2,2,2,0,1
12,MSSVPARTGRQRQRYEDNLRLVSGCIPYRWTKDN,1,1,2,1,0,2,0,1,1,2,1,2,2,2,6,3,2,2,1,2
13,MEVLPCSGVQYAGGSDCSQSSSGTMFVNQGESGG,1,2,1,2,1,7,0,0,0,1,2,1,1,3,0,7,1,3,0,1
14,MEKLASSSTATVVPTQHFLFQFHQHSLFFFPKTA,3,0,0,1,6,0,3,0,2,3,1,0,2,3,0,4,4,2,0,0
15,MVKYSREPDNPTKSCKARGADLRVHFKNTRETAF,3,1,2,2,2,1,1,0,4,1,1,2,2,0,4,2,3,2,0,1
16,MQIFRTSVTTTIVMKLMITRELDTTTLNPIRVMQ,0,0,1,1,1,0,0,4,1,3,4,1,1,2,3,1,8,3,0,0
17,MSFDHTKLFTSHTIHTVNYHETNQQKTKELDLRA,1,0,2,2,2,0,4,1,3,3,1,2,0,2,1,2,6,1,0,1
18,MRLRLFVSCPRVHSWELWLGRWIHAYMRKCGVEV,1,2,0,2,1,2,2,1,1,4,2,0,1,0,5,2,0,4,3,1
19,MSPSRFRYCAQIPVKCPVSEIIKSRRVQGRECYE,1,3,0,3,1,1,0,3,2,0,1,0,3,2,5,4,0,3,0,2
20,MPSFSSLRTFRVSVFSHFLLSYPPIATATLHYQS,2,0,0,0,4,0,2,1,0,4,1,0,3,1,2,7,3,2,0,2
21,MSQQRQTQMVGGNNPDQYNDTTFTKIFVGGLAWE,1,0,2,1,2,4,0,1,1,1,2,3,1,5,1,1,4,2,1,1
22,MGLHARRYDSATGTVPPLSPTIFIPPPQLLHHHD,2,0,2,0,1,2,4,2,0,4,1,0,6,1,2,2,3,1,0,1
23,MLRSSLSRRIMVSAPASPVTERSPRSQAVPRRTV,3,0,0,1,0,0,0,1,0,2,2,0,4,1,7,7,2,4,0,0
24,MAAKTRSLASIYDVFLSFRGLDTRHGFTGNLYKA,4,0,2,0,3,3,1,1,2,4,1,1,0,0,3,3,3,1,0,2
25,MKLLDVGSDDLVHIIGIHGMGGLGKTTLALEVYN,1,0,3,1,0,6,2,3,2,6,2,1,0,0,0,1,2,3,0,1
26,MAGRGSLAGLLPFSDANAVVLDMANEVLPVVKKV,5,0,2,1,1,3,0,0,2,5,2,2,2,0,1,2,0,6,0,0
27,MEMQDQIESTRSTIFGSASNIHSNGEKQSENVAH,2,0,1,4,1,2,2,3,1,0,2,3,0,3,1,6,2,1,0,0
28,MTDKNKSSPTRSTVVSPTSPQSSCGSNDINQDGN,0,1,3,0,0,2,0,1,2,0,1,4,3,2,1,8,4,2,0,0
29,MYNTIINSLCKNKLLGDACDVYSEMIVKGISPDV,1,2,3,1,0,2,0,4,3,3,2,3,1,0,0,3,1,3,0,2
30,MDGNGTLFGTLTGNTREVLHKFTVDLPKKHGRGG,0,0,2,1,2,7,2,0,3,4,1,2,1,0,2,0,5,2,0,0
31,MAAAAAVTVLLPPRIPTATNVTRCSALPSLPPRG,7,1,0,0,0,1,0,1,0,4,1,1,6,0,3,2,4,3,0,0
32,MRTAALPTFKKLYGKIETGNIEVNDEVMLVIENN,2,0,1,4,1,2,0,3,3,3,2,4,1,0,1,0,3,3,0,1
33,MSCYSLKLFYALLLLLLHAAGSILGFNSLPNSAE,4,1,0,1,2,2,1,1,1,10,1,2,1,0,0,5,0,0,0,2
34,MMEDFWSMFCGDRDCPGTRGKTFCHDLKFLKDPS,0,3,5,1,4,3,1,0,3,2,3,0,2,0,2,2,2,0,1,0
35,MVLSWLKWFLSRMSFWWLNPLMKRGQEKTLQDED,0,0,2,2,2,1,0,0,3,6,3,1,1,2,2,3,1,1,4,0
36,MPENCIAPKPEHNNNNTTHPEEGPPEMTETVLPI,1,1,0,6,0,1,2,2,1,1,2,5,7,0,0,0,4,1,0,0
37,MAAPPPPPPSTPSFLSPTQRYAAGALFGLALHEA,7,0,0,1,2,2,1,0,0,4,1,0,8,1,1,3,2,0,0,1
38,MQAMGMMGSPNLTSQLRANGAMVYAQQLRMSQGQ,4,0,0,0,0,4,0,0,0,3,6,2,1,6,2,3,1,1,0,1
39,MGVIDFYNTGALCWVKSNANLKQQVGLAPRPICS,3,2,1,0,1,3,0,2,2,3,1,3,2,2,1,2,1,3,1,1
40,MLNFLWRMELIPLHCSMGFNYIQDQKFRFLTVHA,1,1,1,1,4,1,2,2,1,5,3,2,1,2,2,1,1,1,1,1
41,MSMAMVHPSVHPIEAPPMTEHAIAIAMPRHTLKD,5,0,1,2,0,0,4,3,1,1,5,0,5,0,1,2,2,2,0,0
42,MGVEQDKGVSVKDYLVDKLRPGDEDRALSEVISE,1,0,5,4,0,3,0,1,3,3,1,0,1,1,2,3,0,5,0,1
43,MELFTPPCLKLLFHSLVILFLLFNHANTQSQSQL,1,1,0,1,4,0,2,1,1,9,1,2,2,3,0,3,2,1,0,0
44,MELDLRSFLHSPTSSDDAPHRTIDDILNDCDTSS,1,1,7,1,1,0,2,2,0,4,1,1,2,0,2,6,3,0,0,0
45,MSASTHDQFAATLIFLFFSHFLRGSNSATFSIVN,4,0,1,0,6,1,2,2,0,3,1,2,0,1,1,6,3,1,0,0
46,MLDGILGRGFTAKCKSLIKLTNRRIDVIRRKRRA,2,1,2,0,1,3,0,4,4,4,1,1,0,0,7,1,2,1,0,0
47,MTLFVASLSSFSLLCALKLLRCCYHDPLLLLFPL,2,3,1,0,3,0,1,0,1,12,1,0,2,0,1,4,1,1,0,1
48,MFGRAYAAIKQTEMAENAIHVVMLPWSAFGHLIP,6,0,0,2,2,2,2,3,1,2,3,1,2,1,1,1,1,2,1,1
49,MPFLSLTMMSNIAFRLTLVFLLFSAVLSTPPEDP,2,0,1,1,4,0,0,1,0,7,3,1,4,0,1,4,3,2,0,0
50,MAQNGSGDRVVVDNGFESIDDAYDHEHKLSQKGS,2,0,5,2,1,4,2,1,2,1,1,2,0,2,1,4,0,3,0,1
51,MSEEIAKQSSDPSHFKDPKLGWIIGFLFVVSFLG,1,0,2,2,4,3,1,3,3,3,1,0,2,1,0,5,0,2,1,0
52,MSSTQSKPSSVNARGMALPSEPHRRRRHNHNHIS,2,0,0,1,0,1,4,1,1,1,2,3,3,1,5,7,1,1,0,0
53,MAYRYHLVDFSQPYVESGLDMVVREQSTKSKETW,1,0,2,3,1,1,1,0,2,2,2,0,1,2,2,4,2,4,1,3
54,MEVLNPIEGKTYKLPVGYRFDPSDEILAGYYLRK,1,0,2,3,1,3,0,2,3,4,1,1,3,0,2,1,1,2,0,4
55,MRESELRESERGEREWITVRNRRRGRVRVEQPTD,0,0,1,7,0,2,0,1,0,1,1,1,1,1,10,2,2,3,1,0
56,MAASTMALSSSSLAGQAIKLAPSTPELGVGRVSM,6,0,0,1,0,3,0,1,1,4,3,0,2,1,1,7,2,2,0,0
57,MARYDRAITVFSPDGHLFQVEYALEAVRKGNAAV,6,0,2,2,2,2,1,1,1,2,1,1,1,1,3,1,1,4,0,2
58,MSFLNILLNQSFHPNFAPFFSCHIGIMGVHKSRF,1,1,0,0,6,2,3,3,1,3,2,3,2,1,1,4,0,1,0,0
59,MVLQTSSLGFIVRRHPPELVAPANPTPHEVKLLS,2,0,0,2,1,1,2,1,1,5,1,1,5,1,2,3,2,4,0,0
60,MAVGLSAAITMKSLLRFHQPHLNLPKSIPTTLPF,3,0,0,0,2,1,2,2,2,6,2,1,4,1,1,3,3,1,0,0
61,MSRLMEPLVVGRVIGEVVDIFSPSVKMNVTYSTK,0,0,1,2,1,2,0,2,2,2,3,1,2,0,2,4,2,7,0,1
62,MLPLQFGTHPPPSLFLSSSNSNACCSSSRLLYHH,1,2,0,0,2,1,3,0,0,6,1,2,4,1,1,8,1,0,0,1
63,MNDLEIVFNRGRVPIATWNKTLLASNLQSSSESC,2,1,1,2,1,1,0,2,1,4,1,4,1,1,2,5,2,2,1,0
64,MESVLSHVGAGFFNGMIPRGVLGTHFKASSFVGV,2,0,0,1,4,6,2,1,1,2,2,1,1,0,1,4,1,5,0,0
65,MTDTIYWITFTIRRTHTGFSNAISPSAIECDPQS,2,1,2,1,2,1,1,5,0,0,1,1,2,1,2,4,6,0,1,1
66,MEIACDANQLDADVLLPPRKRLLAGLKKQGSDSD,4,1,5,1,0,2,0,1,3,6,1,1,2,2,2,2,0,1,0,0
67,MFVVGDCSGFTNLIATTIIRHITPEEKVSLIDLI,1,1,2,2,2,2,1,6,1,3,1,1,1,0,1,2,4,3,0,0
68,MKGRVRWDEANIGEIEANKPVRQKITEPKTPYHP,2,0,1,4,0,2,1,3,4,0,1,2,4,1,3,0,2,2,1,1
69,MECSQFSVFLLLSIFVGICLASTEEQERDRIAKL,2,2,1,4,3,1,0,3,1,5,1,0,0,2,2,4,1,2,0,0
70,MENIRELCLSHSSITELPFSFQNHAGLQGLDLSF,1,1,1,3,3,2,2,2,0,6,1,2,1,2,1,5,1,0,0,0
71,MEAYRKSHRGSSMRGKSLPFYRNAPKLASSTTVQ,3,0,0,1,1,2,1,0,3,2,2,1,2,1,4,6,2,1,0,2
72,MDSNACLPHLLVLAITLVLVSHAMEDSAQDKQRC,4,2,3,1,0,0,2,1,1,6,2,1,1,2,1,3,1,3,0,0
73,MASSRPANVGILAMDIYFPPTCVTQDALEGHDGV,4,1,3,1,1,3,1,2,0,2,2,1,3,1,1,2,2,3,0,1
74,MIEGGRIRLKTWQQAAVAVGSAVGALLDPRRADL,6,0,2,1,0,4,0,2,1,4,1,0,1,2,4,1,1,3,1,0
75,MEFASFHLQQHQLQEESAQFSIISTTPPPDSKPS,2,0,1,3,3,0,2,2,1,2,1,0,4,5,0,6,2,0,0,0
76,MTDSLRISTRQAFGFNNGKSLITQHPVGDNNSLF,1,0,2,0,3,3,1,2,1,3,1,4,1,2,2,4,3,1,0,0
77,MIMEPNPTSDHSLDWFEGSVSYFPPLLDYPYDSG,0,0,4,2,2,2,1,1,0,3,2,1,5,0,0,5,1,1,1,3
78,MEQPPSSSLQVETAQQPGPSPLRKMFAVSSIAAG,4,0,0,2,1,2,0,1,1,2,2,0,5,4,1,6,1,2,0,0
79,MRIRKNAKLSPLLFSSSLSSSSSSSCVQGGSVPL,1,1,0,0,1,2,0,1,2,5,1,1,2,1,2,12,0,2,0,0
80,MGEDSREFGKSTKINHKMEEVQREEEIDPESNPL,0,0,2,8,1,2,1,2,3,1,2,2,2,1,2,3,1,1,0,0
81,MGCVVSAPKDSGGNRRRPGSIGELSVYVPGLRIP,1,1,1,1,0,6,0,2,1,2,1,1,4,0,4,4,0,4,0,1
82,MKYQENNWVAELYKKRNMWSPAHNHGNFFAAISK,4,0,0,2,2,1,2,1,4,1,2,5,1,1,1,2,0,1,2,2
83,MSQTNTKVPFLRMKLLWKSHVRVQVIRLVCALLL,1,1,0,0,1,0,1,1,3,7,2,1,1,2,3,2,2,5,1,0
84,MINGNGTQTEYWGESSGSTSHSSQQDVEDDRMIA,1,0,3,3,0,4,1,2,0,0,2,2,0,3,1,6,3,1,1,1
85,MTPLRVAGGLTQSSSNSGIFYQGDGQSQNVVNSH,1,0,1,0,1,5,1,1,0,2,1,3,1,4,1,6,2,3,0,1
86,MAANSLLRSSLLAPSSSDLSKVFTNASGCNLKSK,4,1,1,0,1,1,0,0,3,6,1,3,1,0,1,9,1,1,0,0
87,MASERILKPSKWFSNKTLRISLHRRRSRSSSNNS,1,0,0,1,1,0,1,2,3,3,1,3,1,0,6,9,1,0,1,0
88,MTDSDANHNDPSLDTDAEAPNDVEDDVKLRSRDQ,3,0,9,2,0,0,1,0,1,2,1,3,2,1,2,3,2,2,0,0
89,MAKRNCVVILSSEDEEEDGFIVRSLSSSHSYNTK,1,1,2,4,1,1,1,2,2,2,1,2,0,0,2,7,1,3,0,1
90,MGKRLQNATSSGGEIPPEKRIRRSKTICSCNSPR,1,2,0,2,0,3,0,3,3,1,1,2,3,1,5,5,2,0,0,0
91,MLGLFMEIDPKLWSDPTHFNPERFENESEVNKLL,0,0,2,5,3,1,1,1,2,5,2,3,3,0,1,2,1,1,1,0
92,MSLSLFFLLILIFSSSTSSSTTIILQGNTTLKSP,0,0,0,0,3,1,0,4,1,7,1,1,1,1,0,9,5,0,0,0
93,MTSENVDWKLRVGLEFENIERSLESFATGYLGEG,1,0,1,6,2,4,0,1,1,4,1,2,0,0,2,3,2,2,1,1
94,MDRQENLLAFSMPSQLLSIDEELWRMAEERAQEI,3,0,2,6,1,0,0,2,0,5,3,1,1,3,3,3,0,0,1,0
95,MVLDPARLVLVLLISTCILAINGDTDPNDVTSLK,2,1,4,0,0,1,0,3,1,7,1,2,2,0,1,2,3,4,0,0
96,MNSPSQLNWNGDDPCGQSWQGITCSGNRVTEIKL,0,2,2,1,0,4,0,2,1,2,1,4,2,3,1,4,2,1,2,0
97,MPHLSSMCSELIGFSRSLKSCFLATQGHNLIFYS,1,2,0,1,3,2,2,2,1,5,2,1,1,1,1,7,1,0,0,1
98,MLVLKNKVLHLQGYTIILFPKSRRKLEKQLIKEF,0,0,0,2,2,1,1,3,6,7,1,1,1,2,2,1,1,2,0,1
99,MADLASYGKAYRDIEQQVLIALKKGAQLLKYGRK,5,0,2,1,0,3,0,2,5,5,1,0,0,3,2,1,0,1,0,3
100,MTMKDSIVLYSALGRGHLVSMVELGKLILSHHPS,1,0,1,1,0,3,3,2,2,6,3,0,1,0,1,5,1,3,0,1
101,MITIYNTVPSNLQKMFHYNTKFAMVLTFFIFMFC,1,1,0,0,6,0,1,3,2,2,4,3,1,1,0,1,4,2,0,2
102,MFSSRGNMAMASPSSIFSVYASMTASIMLLRSVT,4,0,0,0,2,1,0,2,0,2,5,1,1,0,2,9,2,2,0,1
103,MAKRVPVGELLVLVLLLLAPKTKAMSITGGHNKS,3,0,0,1,0,3,1,1,4,7,2,1,2,0,1,2,2,4,0,0
104,MVVTKALLLPPHPHPFCSLPIPTKLGIRPFFTFH,1,1,0,0,4,1,3,2,2,5,1,0,7,0,1,1,3,2,0,0
105,MIFLGMTSTTSSSPLIASKRSCVMKWKVGLVHAT,2,1,0,0,1,2,1,2,3,3,3,0,1,0,1,6,4,3,1,0
106,MLASPSENRTRCRKRKRDSPISRRHQKHEEEEDD,1,1,3,5,0,0,2,1,3,1,1,1,2,1,7,4,1,0,0,0
107,MAFAHYLLAVPVEPSPNFPTNPPKPNPSLSSSSS,3,0,0,1,2,0,1,0,1,3,1,3,8,0,0,7,1,2,0,1
108,IDSHIKRLDEDLNNFAEDLKQEGKIAPDEPAILP,3,0,5,4,1,1,1,4,3,4,0,2,3,1,1,1,0,0,0,0
109,MMGINTFSSGSYNVQVGIWRSNIFILLLIFHSPY,0,0,0,0,3,3,1,5,0,3,2,3,1,1,1,5,1,2,1,2
110,MNLLLLQSSCNLSFYFQTASPLYACYHCHMKGKS,2,3,0,0,2,1,2,0,2,6,2,2,1,2,0,5,1,0,0,3
111,MMTVEEKPDVTYNDVGGCKEQIEKMREVVELPML,0,1,2,6,0,2,0,1,3,2,4,1,2,1,1,0,2,5,0,1
112,MEQENQFFSLSDPNLILRLSLSMGGSIENTRFGA,1,0,1,3,3,3,0,2,0,5,2,3,1,2,2,5,1,0,0,0
113,MRWIFSIHYFPGYEFNPVSIKLMLPMQTSHATSQ,1,0,0,1,3,1,2,3,1,2,3,1,3,2,1,4,2,1,1,2
114,MSPTTCYYKCCSISATLITTSFANCHTKKFLLSS,2,4,0,0,2,0,1,2,3,3,1,1,1,0,0,6,6,0,0,2
115,MERYKILRELGDGSCGHVYKARDMRTYEIVAVKR,2,1,2,3,0,3,1,2,3,2,2,0,0,0,5,1,1,3,0,3
116,MAAPKVNEKLLEDLEVMGFPKARATRALHYSGNT,5,0,1,3,1,2,1,0,3,4,2,2,2,0,2,1,2,2,0,1
117,MRMKAQSLRVQERKRKEEEEKRLEREREKERIQA,2,0,0,9,0,0,0,1,5,2,2,0,0,3,8,1,0,1,0,0
118,MYLPRHHILTRLSPYRRHFSHSAAAVLRPPEPEP,3,0,0,2,1,0,4,1,0,4,1,0,6,0,5,3,1,1,0,2
119,MIAKLPKLRELSLSNCSLSDHFILPWRPSKFNFS,1,1,1,1,3,0,1,2,3,6,1,2,3,0,2,6,0,0,1,0
120,MDFRDAWAGFFLFCSFWLVTFCEQDGFLSLSCGG,2,3,3,1,7,4,0,0,0,4,1,0,0,1,1,3,1,1,2,0
121,MNYVSLQRTLRSCAGLDQLKRIHALCATLGFLHT,3,2,1,0,1,2,2,1,1,7,1,1,0,2,3,2,3,1,0,1
122,MGAGVSTTAIENDDGGTFSLSTKTTLDDIPENCI,2,1,4,2,1,4,0,3,1,2,1,2,1,0,0,3,6,1,0,0
123,MISTWPSKVNHLVVPRFEIGPSGVTDQNRRRRVK,0,0,1,1,1,2,1,2,2,1,1,2,3,1,5,3,2,5,1,0
124,MSGIIHKIEETLHVGGHKKEEEHKGEHHGGEHKG,0,0,0,7,0,7,7,3,5,1,1,0,0,0,0,1,1,1,0,0
125,MKKIVLKLEIHDDKTKKKAMRAVSGISGVETVSV,2,0,2,2,0,2,1,3,7,2,2,0,0,0,1,3,2,5,0,0
126,MLYKIEFFGVIFSGVETVSVDMNDLKMTIIGNVD,0,0,3,2,3,3,0,4,2,2,3,2,0,0,0,2,2,5,0,1
127,MKSSDEMHNKIVMMKQSFFDEGFLIPTQFQELEL,0,0,2,4,4,1,1,2,3,3,4,1,1,3,0,3,1,1,0,0
128,MSESKEENPDLLLKSKAQEEHGFVMDFGIGLESL,1,0,2,6,2,3,1,1,3,5,2,1,1,1,0,4,0,1,0,0
129,MTASENPDGYCLIKERMTQALRHFKELTEQNVLA,3,1,1,4,1,1,1,1,2,4,2,2,1,2,2,1,3,1,0,1
130,MHDASLSCLFSQKIRYICCSVTSIVPLYCHRYNL,1,4,1,0,1,0,2,3,1,4,1,1,1,1,2,5,1,2,0,3
131,MPPSYCVKERKPCVRWVEKYFKDCLCNLKDEISF,0,4,2,3,2,0,0,1,5,2,1,1,3,0,2,2,0,3,1,2
132,MASSSSSLLPRSHIPTPLISKISSSPRTWSLFIL,1,0,0,0,1,0,1,4,1,5,1,0,4,0,2,11,2,0,1,0
133,MAAVSGGGSEIWKAHTAMAMVQLFNGGYHVITKV,5,0,0,1,1,5,2,2,2,1,3,1,0,1,0,2,2,4,1,1
134,MIPVSLEKSDENGELRSYASWLGKHPSALGNFEE,2,0,1,5,1,3,1,1,2,4,1,2,2,0,1,5,0,1,1,1
135,MVCNLQMRAAVCEVANCFPTAIVSGRSKDKVYEF,4,3,1,2,2,1,0,1,2,1,2,2,1,1,2,2,1,5,0,1
136,MDISTPSGSSKYEEQEHQIKAVDEKGNPVVHCHP,1,1,2,4,0,2,3,2,3,0,1,1,3,2,0,4,1,3,0,1
137,MGEHEGWAQAPSGLLPNGLLPNEAASVIQVLDSE,4,0,1,4,0,4,1,1,0,5,1,2,3,2,0,3,0,2,1,0
138,MKVAQVLHMNGGVGHASYGNNSLVQEKVICLTKP,2,1,0,1,0,4,2,1,3,3,2,3,1,2,0,2,1,5,0,1
139,MSNMIEVRVPNLDCEGCASKLKKALFKLKGVDEV,2,2,2,3,1,2,0,1,5,4,2,2,1,0,1,2,0,4,0,0
140,MLYLVRRRLRHIAMRFYLCLMSRPSGVLFSTYSH,1,1,0,0,2,1,2,1,0,6,3,0,1,0,6,4,1,2,0,3
141,MSRPSGVLFSTYSHWRVLQGSEKLFQLVSDSSKT,0,0,1,1,2,2,1,0,2,4,1,0,1,2,2,8,2,3,1,1
142,MGDQALNLKVLVIFFETWKEFVSCQVASRIGCFH,2,2,1,2,4,2,1,2,2,3,1,1,0,2,1,2,1,4,1,0
143,MSGKASVSKELHAKHTKILEGLVKLPDNRECADC,3,2,2,3,0,2,2,1,5,4,1,1,1,0,1,3,1,2,0,0
144,MSMLETDQIKQLNDIFKRFDMDQDGSLTHLELAA,2,0,5,2,2,1,1,2,2,5,3,1,0,3,1,2,2,0,0,0
145,MGSPKMDESETQKVDMGRKERASIATILRYSDWI,2,0,3,3,0,2,0,3,3,1,3,0,1,1,3,4,2,1,1,1
146,MPLNSIPWCHLKLILLSALLLFCCSLDLCSAITD,2,4,2,0,1,0,1,3,1,10,1,1,2,0,0,4,1,0,1,0
147,MSFQDIQGGPNPPSRRNQSPSQAVAAGIFQINTA,4,0,1,0,2,3,0,3,0,0,1,3,4,5,2,4,1,1,0,0
148,MDEDFDMAAAEPMGEDFDFAGSGSNPVLKVGEEK,4,0,5,5,3,4,0,0,2,1,3,1,2,0,0,2,0,2,0,0
149,MEKNWVLRWIFVVGLMCLSVEGIGVNWGTQATHK,1,1,0,2,1,4,1,2,2,3,2,2,0,1,1,1,2,5,3,0
150,MRPLFRFAQLARRHYKASPPPPPPTPPKPPKKPQ,3,0,0,0,2,0,1,0,4,2,1,0,12,2,4,1,1,0,0,1
151,MDAVDKTFSELVSIVKSWLPWRSEPVNVSRDFWM,1,0,3,2,2,0,0,1,2,2,2,1,2,0,2,5,1,5,3,0
152,MPLGSSINHSTALYSSIVASGKSIPESHRNKLLS,2,0,0,1,0,2,2,3,2,4,1,2,2,0,1,9,1,1,0,1
153,MNSRNSLKWLTRRRVKDFFLVADGDNVGPRAQPF,2,0,3,0,3,2,0,0,2,3,1,3,2,1,5,2,1,3,1,0
154,MSFSFSLSRRLSSSPSLSIPTFPPSLPNPTFTLC,0,1,0,0,4,0,0,1,0,5,1,1,6,0,2,10,3,0,0,0
155,MKSLAVAWFMVFMISSEHGINVQGSTRLSILRIS,2,0,0,1,2,2,1,4,1,3,3,1,0,1,2,6,1,3,1,0
156,MTNPIPIRPWSRLASLRSVPAPESHPKPHTAELS,3,0,0,2,0,0,2,2,1,3,1,1,7,0,3,5,2,1,1,0
157,MQIFSSDCSIAMARKMLIDGEAELAQGGGEEVSN,4,1,2,4,1,4,0,3,1,2,3,1,0,2,1,4,0,1,0,0
158,MARKMLIDGEAELAQGGGEEVSNFDFDLFIIGAG,4,0,3,4,3,6,0,3,1,3,2,1,0,1,1,1,0,1,0,0
159,MSAPSPSSSPAPPPELSSSAPPSSTSPLPLPSPS,3,0,0,1,0,0,0,0,0,3,1,0,12,0,0,13,1,0,0,0
160,MESVTTRPSPNVVGVANSKHGVEWCGHFQMPLHY,1,1,0,2,1,3,3,0,1,1,2,2,3,1,1,3,2,5,1,1
161,MGAIRQQPSEWVKGKLVGCGSFGTVHLAMNKYTG,2,1,0,1,1,6,1,1,3,2,2,1,1,2,1,2,2,3,1,1
162,MDWDGKEFAWDPRGLELANGEGQKSEAASVDLRL,4,0,4,4,1,4,0,0,2,4,1,1,1,1,2,2,0,1,2,0
163,MAQFTTQGRLKLLFNGEGVSSVLEHNKDPFLYNK,1,0,1,2,3,3,1,0,3,5,1,3,1,2,1,2,2,2,0,1
164,MSVSAILLLVEILSSIGVLEFTAAAPLVAPIVGI,5,0,0,2,1,2,0,5,0,6,1,0,2,0,0,4,1,5,0,0
165,MEGRQILSRFCPKSSSVSSIPIVKQQYSLKFPLL,0,1,0,1,2,1,0,3,3,4,1,0,3,3,2,7,0,2,0,1
166,MVVTTTKSSPMAQDLKTSMSSFTLPKTLKLKTKQ,1,0,1,0,1,0,0,0,6,4,3,0,2,2,0,5,7,2,0,0
167,MCSFQFSIQLTPELSFSTEPNIQHTSTKIHDQHL,0,1,1,2,3,0,3,3,1,3,1,1,2,4,0,5,4,0,0,0
168,MSSYFEERAPCCGSHFWILLSMCWASVLFAAITS,4,3,0,2,3,1,1,2,0,3,2,0,1,0,1,6,1,1,2,1
169,MSPYHGHSSQRFFIFLLILAFRGVRVTATTFTFV,2,0,0,0,6,2,2,2,0,3,1,0,1,1,3,3,4,3,0,1
170,MQFISYNKHRHEQCTLIDLLVRTIVINDFREANT,1,1,2,2,2,0,2,4,1,3,1,3,0,2,3,1,3,2,0,1
171,MATTMPKFKRKLVMGANGRTNPLVWLVAIICTII,3,1,0,0,1,2,0,4,3,3,3,2,2,0,2,0,4,3,1,0
172,MPKFKRKLVMGANGRTNPLVWLVAIICTIIAVAV,4,1,0,0,1,2,0,4,3,3,2,2,2,0,2,0,2,5,1,0
173,MWVVVTLDFIETVKKAVGDGRRLRFGWSHGLGER,1,0,2,2,2,5,1,1,2,3,1,0,0,0,4,1,2,5,2,0
174,MPQLHYPVTGLCRHPQPSLPTATRFRNQPLPLKV,1,1,0,0,1,1,2,0,1,5,1,1,7,3,3,1,3,2,0,1
175,MGKYFRHLYLLILSLQYVFNNGQMDIGRPKDLVE,0,0,2,1,2,3,1,2,2,6,2,2,1,2,2,1,0,2,0,3
176,MDDPFACYIFSHASVLNLRFVNKYIHQVVTKAVK,3,1,2,0,3,0,2,2,3,2,1,2,1,1,1,2,1,5,0,2
177,MTTTHWVWILFLVVILVSTKRQGQWNKRTLMAWT,1,0,0,0,1,1,1,2,2,4,2,1,0,2,2,1,6,4,4,0
178,MGRAFVYVILGGGVAAGYAALEFVKKGVSHGELC,5,1,0,2,2,7,1,1,2,3,1,0,0,0,1,1,0,5,0,2
179,MSHSHRAEDKYFFAHTQRNFTQQNSLSFSHFLIM,2,0,1,1,5,0,4,1,1,2,2,2,0,3,2,5,2,0,0,1
180,METFSISRNSSSLIILTRPSTRHKPIFLPQRHGS,0,0,0,1,2,1,2,4,1,3,1,1,3,1,4,7,3,0,0,0
181,MSSSSYFSDSNPQWIYDVFINFRGEDTRRNFVSH,0,0,3,1,4,1,1,2,0,0,1,3,1,1,3,7,1,2,1,2
182,MASAARLTFFAVSMVLLSSVAIATDFTVGDGTGW,6,0,2,0,3,3,0,1,0,3,2,0,0,0,1,4,4,4,1,0
183,MSSFSITRKKTPFQKHREEEEAKKKRAEDETARL,3,0,1,6,2,0,1,1,6,1,1,0,1,1,4,3,3,0,0,0
184,MRMEYLNLMYFQYLILCICKELATTKERTNTYAF,2,2,0,3,2,0,0,2,2,5,3,2,0,1,2,0,4,0,0,4
185,MALKRINTELKDLQKDPPVSCSAGPVTNDMFHWQ,2,1,3,1,1,1,1,1,3,3,2,2,3,2,1,2,2,2,1,0
186,MAQVPASEATAFWTDEKHVHFLNSMEASFVRTML,5,0,1,3,3,0,2,0,1,2,3,1,1,1,1,3,3,3,1,0
187,MEGQTSDSLNEQQCLETKLTNMLQNVEPPEMYGF,0,1,1,5,1,2,0,0,1,4,3,3,2,4,0,2,3,1,0,1
188,MESATASSSESEMALPLPLASESQQPYVSELLSF,4,0,0,5,1,0,0,0,0,5,2,0,3,2,0,9,1,1,0,1
189,MQPSLETSLQPYFLYFEVILKEATIMVNSMSFLL,1,0,0,3,3,0,0,2,1,6,3,1,2,2,0,4,2,2,0,2
190,MSKQPIDPFRHINIVLNPNGTLNRLRHIPSTAPS,1,0,1,0,1,1,2,4,1,3,1,4,5,1,3,3,2,1,0,0
191,MQTALTFAAPNVVPLAPTKSVSHITIFPTKLKAP,5,0,0,0,2,0,1,2,3,3,1,1,5,1,0,2,5,3,0,0
192,MVVSGSSPLTSKRRRVTNFCSTDMDAETAKAKLA,4,1,2,1,1,1,0,0,3,2,2,1,1,0,3,5,4,3,0,0
193,MSAVNLNTWPRPSFILNQTATRRSRSSPTSHFFH,2,0,0,0,3,0,2,1,0,2,1,3,3,1,4,6,4,1,1,0
194,MEAETNSPEDASAMAFGQHQVTDQTSVENVQPAE,5,0,2,5,1,1,1,0,0,0,2,2,2,4,0,3,3,3,0,0
195,MPEDKALQTIPNTTSVGNEAIDDSSQEERQPEAE,3,0,3,6,0,1,0,2,1,1,1,2,3,3,1,3,3,1,0,0
196,MSSSGFPGGGGASEFFAGVGGFGGRSIPATSMNN,3,0,0,1,4,10,0,1,0,0,2,2,2,0,1,6,1,1,0,0
197,MMATKYQLQPQSNINLRLYICMSCFHGCRCYVSH,1,4,0,0,1,1,2,2,1,3,3,2,1,3,2,3,1,1,0,3
198,MTFSFSFQYHSFMDNLAAPFHHLNPYFVHNPQTH,2,0,1,0,6,0,5,0,0,2,2,3,3,2,0,3,2,1,0,2
199,MGASQSVQVVEDSEEEEDERNLNGPLMGRAQLGN,2,0,2,6,0,4,0,0,0,3,2,3,1,3,2,3,0,3,0,0
200,MGRSLSPLVRQELANLEKDEDSRKSAMKALKSYV,3,0,2,3,0,1,0,0,4,5,2,1,1,1,3,5,0,2,0,1
201,MDPQPEPVSYICGDCGMENTLKPGDVIQCRECGY,0,4,3,3,0,4,0,2,1,1,2,1,4,2,1,1,1,2,0,2
202,MNHIKSCTRNLGALTSSPKRHLYVDASMIKTGFD,2,1,2,0,1,2,2,2,3,3,2,2,1,0,2,4,3,1,0,1
203,MARRNSGKHLLVGEKEDYNKLAMDDENKKWMHKE,2,0,3,4,0,2,2,0,6,3,3,3,0,0,2,1,0,1,1,1
204,MIGIHGIGGIGKTTLAIAVYNLIACHFDGSCFLK,3,2,1,0,2,6,2,6,2,3,1,1,0,0,0,1,2,1,0,1
205,MPVTLGTLSNLVMLDLSSNLLEGSIKESNFVKLL,0,0,1,2,1,2,0,1,2,9,2,3,1,0,0,5,2,3,0,0
206,MKDKCGIIVNCTLWEDFAFLLKDYLDKHENVPVI,1,2,4,2,2,1,1,3,4,4,1,2,1,0,0,0,1,3,1,1
207,MYGSRLFTNEDLKDIEDYKNGVLIKERASDIKQQ,1,0,4,3,1,2,0,3,4,3,1,2,0,2,2,2,1,1,0,2
208,MVYCSHCAKNVAGERLDDGFLCCGSCGRVLEDYF,2,5,3,2,2,4,1,0,1,3,1,1,0,0,2,2,0,3,0,2
209,MNTITLLLLFPFFTQFLEVEPARTKLPGKTRFPI,1,0,0,2,5,1,0,2,2,6,1,1,4,1,2,0,5,1,0,0
210,MAVLFATHVLLLILSTATTLHFSASKAARLNMTC,6,1,0,0,2,0,2,1,1,7,2,1,0,0,1,3,5,2,0,0
211,MVGGNINSRQYNDTTSTKIFVGGLAWETQRDTMR,1,0,2,1,1,4,0,2,1,1,2,3,0,2,3,2,5,2,1,1
212,MALHDLPFTPMTTISLFIILFSLFSTPSHSALTC,2,1,1,0,4,0,2,3,0,6,2,0,3,0,0,5,5,0,0,0
213,MKFNSRNWVTLIASVWMSFTVSVMEGVRPLPNPL,1,0,0,1,2,1,0,1,1,3,3,3,3,0,2,4,2,5,2,0
214,MPKKRKSIATSLDEVDRTLYASFCTAANSLSQLY,4,1,2,1,1,0,0,1,3,4,1,1,1,1,2,5,3,1,0,2
215,MACSSAQIHGLGTPSFSRTLFLGQRLNTKAAFIK,4,1,0,0,3,3,1,2,2,4,1,1,1,2,2,4,3,0,0,0
216,MSSRGATAVLSRASRIRSKLQTALEATVLEVDDV,5,0,2,2,0,1,0,1,1,4,1,0,0,1,4,5,3,4,0,0
217,MASSCASSAIAAVAISTPSSQKNGSLLGSTKASF,7,1,0,0,1,2,0,2,2,2,1,1,1,1,0,10,2,1,0,0
218,MVTIHCSHLVVPSEPTPSSTLSLSLCDQIKLPNH,0,2,1,1,0,0,3,2,1,5,1,1,4,1,0,6,3,3,0,0
219,MHPINTGDDSTLSSPIPQYGQISNSCLIETQDPS,0,1,3,1,0,2,1,4,0,2,1,2,4,3,0,6,3,0,0,1
220,MYYQQQQQAKNMHALRMHSPTERHMMLQGGNGAG,3,0,0,1,0,4,3,0,1,2,5,2,1,6,2,1,1,0,0,2
221,MDVDGGNKRVYNRLGGDAKHQKVCFHWQAGKCNR,2,2,3,0,1,5,2,0,4,1,1,3,0,2,3,0,0,3,1,1
222,MATSLLLLLFITCFSLLPSSYSYSSPFPPSASFL,2,1,0,0,4,0,0,1,0,8,1,0,4,0,0,9,2,0,0,2
223,MSHSGLEEMGNEKKKEVIRIERESVIPVLKPQLI,0,0,0,6,0,2,1,4,4,3,2,1,2,1,2,3,0,3,0,0
224,MQVMKKSNFKIATQEEIDIALSGQYILNLPITVN,2,0,1,2,1,1,0,5,3,3,2,3,1,3,0,2,2,2,0,1
225,MKKSNFKIATQEEIDIALSGQYILNLPITVNESK,2,0,1,3,1,1,0,5,4,3,1,3,1,2,0,3,2,1,0,1
226,MEELIISPSSSSSLVSLSQENPTPTLQQKLQFLL,0,0,0,3,1,0,0,2,1,7,1,1,3,4,0,8,2,1,0,0
227,MIYMQNQQLHLFSIYPCVIMNSSSIYILVFVQLW,0,1,0,0,2,0,1,5,0,4,3,2,1,4,0,4,0,3,1,3
228,MNSSSIYILVFVQLWLLSLPCRESVCIPSERETL,0,2,0,3,1,0,0,3,0,6,1,1,2,1,2,6,1,3,1,1
229,MGQSPRHCVCQQILFVLFRLRGILIFAEVWERFK,1,2,0,2,4,2,1,3,1,4,1,0,1,3,4,1,0,3,1,0
230,MAWSLTLPPPSSLSSSSSPSFPTFHHHHHSLFFN,1,0,0,0,4,0,5,0,0,4,1,1,5,0,0,10,2,0,1,0
231,MATTEETRKKEGSNLLGSPNFTELGNGRFKCLET,1,1,0,5,2,4,0,0,3,4,1,3,1,0,2,2,5,0,0,0
232,MGINICLSLCFFYITTLHRTISTLAQSENYIIHM,1,2,0,1,2,1,2,6,0,4,2,2,0,1,1,3,4,0,0,2
233,MNRKNMESNGESHSSRSGSFREGFGLAPNEAKVH,2,0,0,4,2,4,2,0,2,1,2,4,1,0,3,6,0,1,0,0
234,MGTTKSLRERERERGKMRYGGGKRRRVALKPFFV,1,0,0,3,2,5,0,0,4,2,2,0,1,0,8,1,2,2,0,1
235,MQDGGRNGGGFHKWCREERVPQSEKDDSESFSRQ,0,1,3,4,2,5,1,0,2,0,1,1,1,3,4,4,0,1,1,0
236,MAGGANFVQRVLSYVVNEVVVNGLANSPAFQRFA,5,0,0,1,3,3,0,0,0,2,1,4,1,2,2,2,0,7,0,1
237,MWEALSQVLYLNLSRNHIHGEIGTTLKNPISIPT,1,0,0,2,0,2,2,4,1,5,1,3,2,1,1,3,3,1,1,1
238,MPSWWGKSSSTKKKANKESFIDAFHRKFKIPSEG,2,0,1,2,3,2,1,2,7,0,1,1,2,0,1,6,1,0,2,0
239,MSSTSPKRRPLSNHVTNLQIPPHGAFFSAPDSSR,2,0,1,0,2,1,2,1,1,2,1,2,5,1,3,7,2,1,0,0
240,MESARISQWLNLLVCVLLLLKAEGSSVPLTLVEN,2,1,0,3,0,1,0,1,1,9,1,2,1,1,1,4,1,4,1,0
241,MMILSPKISRVDDEDVSSSGLTKDSQELCVTDCG,0,2,5,2,0,2,0,2,2,3,2,0,1,1,1,6,2,3,0,0
242,MSWMSVDEFLVQCKKSGDAAYASLRSLLERLDNP,3,1,3,2,1,1,0,0,2,5,2,1,1,1,2,5,0,2,1,1
243,MFPWANTRVCMYVLPLPIIVSLMHCIAGHHGRNK,2,2,0,0,1,2,3,3,1,3,3,2,3,0,2,1,1,3,1,1
244,MSKMITENASEEFLHSLSNYCALQGFVEDQFGLG,2,1,1,4,3,3,1,1,1,4,2,2,0,2,0,4,1,1,0,1
245,MPSFSFLRTFRVSLFPPYPPIAIPTATLHSQPHS,2,0,0,0,4,0,2,2,0,3,1,0,7,1,2,5,3,1,0,1
246,MGKHSTLISKEGMEKMLGRNCGKLKTKIVCTLGP,0,2,0,2,0,5,1,2,6,4,3,1,1,0,1,2,3,1,0,0
247,MEKMLGRNCGKLKTKIVCTLGPSSRSVEMLEKLL,0,2,0,3,0,3,0,1,5,6,3,1,1,0,2,3,2,2,0,0
248,MWMLSQSKPLRSRTYLLHFTRRRCHCNSQNDAAS,2,2,1,0,1,0,2,0,1,4,2,2,1,2,5,5,2,0,1,1
249,MGLPLLSSALWDPSHNCVSSSVEFIRPLLSASKS,2,1,1,1,1,1,1,1,1,6,1,1,3,0,1,9,0,2,1,0
250,MSIIFLLVLCNLLMSRILENCPERNCCCSGAHFN,1,5,0,2,2,1,1,3,0,6,2,4,1,0,2,3,0,1,0,0
251,MGTDGSELVETLPNPRSFKVHRTMCAELRKLVDR,1,1,2,3,1,2,1,0,2,4,2,1,2,0,4,2,3,3,0,0
252,MQALCLLNEAIDKAKQLLLYCSESSKLYLAITGD,4,2,2,2,0,1,0,2,3,8,1,1,0,2,0,3,1,0,0,2
253,MTQYLITTRSTFQSMLFQWLCTQDFERIDGWFLP,0,1,2,1,4,1,0,2,0,4,2,0,1,4,2,2,5,0,2,1
254,MRKKVMIVILPPTLGILILALFAFGVSYHLCQTS,2,1,0,0,2,2,1,4,2,6,2,0,2,1,1,2,2,3,0,1
255,MARVKHTPASRKSGKKKAPRASTSTQPSLSSSQS,4,0,0,0,0,1,1,0,5,1,1,0,3,2,3,9,3,1,0,0
256,MVFIFPTLLSMKLQPLLLLLVMYFCAFAASSEIA,4,1,0,1,4,0,0,2,1,8,3,0,2,1,0,3,1,2,0,1
257,MGSIAEEEAMPNLVGSEERILVSVRVRPLNEKEL,2,0,0,7,0,2,0,2,1,4,2,2,2,0,3,3,0,4,0,0
258,MDRVFRTDSPTKQVYEEAAKEVALSVLSGINSSI,3,0,2,3,1,1,0,2,2,2,1,1,1,1,2,5,2,4,0,1
259,MSGITDFAIADIFNYIEKHTEREFVLKFSALEIY,3,0,2,4,4,1,1,5,2,2,1,1,0,0,1,2,2,1,0,2
260,MMIFFLCMSSRQWGAWRIISLTEILTLNHFLGTP,1,1,0,1,3,2,1,4,0,5,3,1,1,1,2,3,3,0,2,0
261,MEEAEKELERRSKFLNSLIQKKKKGIEQHEHESF,1,0,0,8,2,1,2,2,6,3,1,1,0,2,2,3,0,0,0,0
262,MVSSKRNVFGTKGEMGIDFMVLVLSVSWFCLTSI,0,1,1,1,3,3,0,2,2,3,3,1,0,0,1,5,2,5,1,0
263,MPSFSFLRTLRLSLFPPYTPIAIPTATLHSQSHS,2,0,0,0,3,0,2,2,0,5,1,0,5,1,2,6,4,0,0,1
264,MRQVKQIHGYTLRNGIDQTKILIEKLLEIPNLHY,0,0,1,2,0,2,2,5,3,5,1,2,1,3,2,0,2,1,0,2
265,MAMKLKYLSSIAEDVIKRCSQKLDTSVEKLVEDF,2,1,3,3,1,0,0,2,5,4,2,0,0,1,1,4,1,3,0,1
266,MFLKEMDKCIRHLQKHATPNGVELAEDEYILHVD,2,1,3,4,1,1,3,2,3,4,2,1,1,1,1,0,1,2,0,1
267,MLRTLARVFKRATLANDLLQKRSRFYATTVGGRS,4,0,1,0,2,2,0,0,2,5,1,1,0,1,6,2,4,2,0,1
268,MLRTLARVFKRATLANDLLQKRSRFYATTVGGRR,4,0,1,0,2,2,0,0,2,5,1,1,0,1,7,1,4,2,0,1
269,MYVAEKLNKGDSSACLMQQQPFCYASGFPKEANK,4,2,1,2,2,2,0,0,4,2,2,2,2,3,0,3,0,1,0,2
270,MEESGDARDLQKPFLHTGSWYKMGSRQSSIMGSS,1,0,2,2,1,4,1,1,2,2,3,0,1,2,2,7,1,0,1,1
271,MMVLDVLSGPTGTAISQTVDTIADFLVTANDVLV,3,0,4,0,1,2,0,2,0,4,2,1,1,1,0,2,5,6,0,0
272,MAHKTLFKPSLILTLRLNKTAISFSHHHPFRHSQ,2,0,0,0,3,0,5,2,3,5,1,1,2,1,2,4,3,0,0,0
273,MMRFYTTSAKPFHSDHYSRLVSLIDSCKSMQQIK,1,1,2,0,2,0,2,2,3,2,3,0,1,2,2,6,2,1,0,2
274,MKMTLVTLVLVFALITKALAGPASEPVLDALGKK,5,0,1,1,1,2,0,1,4,7,2,0,2,0,0,1,3,4,0,0
275,METQSDGNEDTIAAIKDMRQQLEARIESQHKAHM,4,0,3,4,0,1,2,3,2,1,3,1,0,4,2,2,2,0,0,0
276,MSLILCSCKSLCFPKCSLPLNHISNNLRNKPHAN,1,4,0,0,1,0,2,2,3,6,1,5,3,0,1,5,0,0,0,0
277,MARPLVMIHPLPNNYSHIGFTLVSLMVCAIALLT,3,1,0,0,1,1,2,3,0,6,3,2,3,0,1,2,2,3,0,1
278,MMMDPRQREKLLHKTEACAFVAGVVPELSLVTVP,3,1,1,3,1,1,1,0,2,4,3,0,3,1,2,1,2,5,0,0
279,MKVVYLLVALLALTSTVVSAYDPSPLQDFCVAAK,5,1,2,0,1,0,0,0,2,6,1,0,2,1,0,3,2,6,0,2
280,MGRVQVNNKEEFSQMENDDFSDSQLVRHFRGVLV,0,0,3,3,3,2,1,0,1,2,2,3,0,3,3,3,0,5,0,0
281,MYADRMEGGARRPVKERLNNGNGVIGSTRQQQQR,2,0,1,2,0,5,0,1,1,1,2,3,1,4,6,1,1,2,0,1
282,MVFLTGWLAMSAPMIIDPMVISAPETQSAAAAAS,8,0,1,1,1,1,0,3,0,2,4,0,3,1,0,4,2,2,1,0
283,MSAPMIIDPMVISAPETQSAAAAASILVAQSEVE,8,0,1,3,0,0,0,4,0,1,3,0,3,2,0,5,1,3,0,0
284,MTSVTQSTGMLTREQLFHLFDRFIFLTSKPDVKK,0,0,2,1,4,1,1,1,3,4,2,0,1,2,2,3,5,2,0,0
285,MVEAVATVGGGGGREREREMSRLRRLIQASVDAT,4,0,1,4,0,5,0,1,0,2,2,0,0,1,6,2,2,4,0,0
286,MGRRPCCPKEINKGAWSREEDETLSKYVSIHGEG,1,2,1,5,0,4,1,2,3,1,1,1,2,0,3,3,1,1,1,1
287,MDSRAVQTHSHEHHHNSHNVGSHAVAHGEEQHHH,3,0,1,3,0,2,11,0,0,0,1,2,0,2,1,4,1,3,0,0
288,MRKRQSIAVLLNTFVTFASIVIDDDQPKHSLFNK,2,0,3,0,3,0,1,3,3,3,1,2,1,2,2,3,2,3,0,0
289,MHSAFSLVLSFQSAVVKMLTIIRTLLEHMVLRSM,2,0,0,1,2,0,2,2,1,6,4,0,0,1,2,5,2,4,0,0
290,QIKDVSDAIQKVAAAYDCKIVEGVLSHQMKQFVI,4,1,3,1,1,1,1,4,4,1,1,0,0,4,0,2,0,5,0,1
291,MHLWPTKNLRDSFKHSYLKRLEWNYQRMKAEKDQ,1,0,2,2,1,0,2,0,5,4,2,2,1,2,3,2,1,0,2,2
292,MKTWKAMTVLPLGEDPPAITSLCFNHNGKILAAS,4,1,1,1,1,2,1,2,3,4,2,2,3,0,0,2,3,1,1,0
293,MPSGSRNPLVVGRVIGEVIDPFESSIPFRVTYGN,0,0,1,2,2,4,0,3,0,1,1,2,4,0,3,4,1,5,0,1
294,MVFTFPTLLSMKLQPLSLLLVMYFCAFATSSEIA,3,1,0,1,4,0,0,1,1,7,3,0,2,1,0,4,3,2,0,1
295,MREQEDWRITTALLTLLLVFVSSFPALSYGVVPP,2,0,1,2,2,1,0,1,0,6,1,0,3,1,2,3,3,4,1,1
296,MTSTMQLTMVKGTIPVALSRRVCCQCQASLWPPW,2,3,0,0,0,1,0,1,1,3,3,0,3,3,2,3,4,3,2,0
297,MSGGRRRKLRLSKIYSFACCKASFEGDHHSQIGG,2,2,1,1,2,5,2,2,3,2,1,0,0,1,4,5,0,0,0,1
298,MTMMSSSNNNVGEFGDTTLTKVFVGGLAWETPKD,1,0,2,2,2,4,0,0,2,2,3,3,1,0,0,3,5,3,1,0
299,MVSGSGICAKRVVVDARHHMLGRLASIVAKELLN,4,1,1,1,0,3,2,2,2,4,2,1,0,0,3,3,0,5,0,0
300,MEIISPFHLFTKIYSVMQIVWENHFRKTLLECLL,0,1,0,3,3,0,2,4,2,5,2,1,1,1,1,2,2,2,1,1
301,MVSFLPLKLVAKFDVHIHKVWCLIMLRVGSMRYF,1,1,1,0,3,1,2,2,3,5,3,0,1,0,2,2,0,5,1,1
302,MLRVGSMRYFYLYLVVLTWFLSIPSTHELQLAQT,1,0,0,1,2,1,1,1,0,7,2,0,1,2,2,3,3,3,1,3
303,MLRSLLKSPDGYLPTEPKSYAGISDPAKGGNPDI,2,0,3,1,0,4,0,2,3,4,1,1,5,0,1,4,1,0,0,2
304,MSPPSQKYASKNDPKKEHESVSNQLGNKASPSGK,2,0,1,2,0,2,1,0,6,1,1,3,4,2,0,7,0,1,0,1
305,MVLREANRVKNKQVYSQVELIMWEENLQQQILLL,1,0,0,4,0,0,0,2,2,6,2,3,0,5,2,1,0,4,1,1
306,MTHEDWDLFAIVRSCKAATFTATTNTETPPTPAP,5,1,2,2,2,0,1,1,1,1,1,1,4,0,1,1,8,1,1,0
307,MVFIIPTLLSMKLQPLLLLLVMYFCAFAASSEIA,4,1,0,1,3,0,0,3,1,8,3,0,2,1,0,3,1,2,0,1
308,MELFLLKLVPYPISTLLTCPLIISLVAFPIPLVI,1,1,0,1,2,0,0,5,1,9,1,0,5,0,0,2,2,3,0,1
309,MLSLRLTSFTHLFSPPSSAVIARRSPAILRRRHH,3,0,0,0,2,0,3,2,0,5,1,0,3,0,6,6,2,1,0,0
310,MATLLRKLCESATMKRSGSHSHPHPLPSSEQARP,3,1,0,2,0,1,3,0,2,4,2,0,4,1,3,6,2,0,0,0
311,MKFTVSNLPSSMFLLVFFIALVSHTHGSKIDHHR,1,0,1,0,4,1,4,2,2,4,2,1,1,0,1,5,2,3,0,0
312,MSTEAPKRDQWQWENATAGAAAGFATVAVMHPLD,8,0,2,2,1,2,1,0,1,1,2,1,2,2,1,1,3,2,2,0
313,MKQKVVLKVDLHDDRMKKKAMKIASGVTGVELVS,2,0,3,1,0,2,1,1,7,3,3,0,0,1,1,2,1,6,0,0
314,MKKVVLKVDLHDDRMKKKAMKIASGVTGVELVSV,2,0,3,1,0,2,1,1,7,3,3,0,0,0,1,2,1,7,0,0
315,MEPESGTSTSRNPSQLSWVNLSRNLLLAYQSFGV,1,0,0,2,1,2,0,0,0,5,1,3,2,2,2,7,2,2,1,1
316,MVIGDGVLTPAISVLASVSGLKVTEKKLTDGELV,2,0,2,2,0,4,0,2,3,5,1,0,1,0,0,3,3,6,0,0
317,MNPKCHQADSDIVHKGLAQYPFQRTKLQQICVGF,2,2,2,0,2,2,2,2,3,2,1,1,2,5,1,1,1,2,0,1
318,MWCFLLCSHLLILYFLPSHSLCHPHDSFALLHFK,1,3,1,0,4,0,5,1,1,9,1,0,2,0,0,4,0,0,1,1
319,MSVSERVVHLAFLPSAGIGHLNPCLRIAALFLRY,4,1,0,1,2,2,2,2,0,6,1,1,2,0,3,3,0,3,0,1
320,MSCFTSEKSTMSSQLQMVPLSKLRYQRLRHEKGW,0,1,0,2,1,1,1,0,3,4,3,0,1,3,3,6,2,1,1,1
321,MSRKENLISELHPRKGTWKIAVRITDMWDVKKHN,1,0,2,2,0,1,2,3,5,2,2,2,1,0,3,2,2,2,2,0
322,MLLYTRQFMLVVPGYSSFEIQILGKFIASGCYFY,1,1,0,1,4,3,0,3,1,4,2,0,1,2,1,3,1,2,0,4
323,MPRISFDLSHINRFNTTMSFSFSLSRRLSSSLSL,0,0,1,0,4,0,1,2,0,5,2,2,1,0,4,10,2,0,0,0
324,MLLLRHIPPIIEFGKILGSLVKMKHYPTVISLSK,0,0,0,1,1,2,2,5,4,6,2,0,3,0,1,3,1,2,0,1
325,MANNVVVVLKVAPVSLPPFPITNNALTFKSQRHT,3,0,0,0,2,0,1,1,2,3,1,4,4,1,1,2,3,6,0,0
326,MGNCLRKAHADDDSDHIVELASGNVQLITTKESW,3,1,4,2,0,2,2,2,2,3,1,2,0,1,1,3,2,2,1,0
327,MGGGKDKHHDESDKGIFSHLAHGVAGAAHGGHGY,4,0,3,1,1,9,6,1,3,1,1,0,0,0,0,2,0,1,0,1
328,MKQEEWMITTALLSLLFVSSFPPLSYGVVPPRTL,1,0,0,2,2,1,0,1,1,6,2,0,4,1,1,4,3,3,1,1
329,MSWINLKGALPLSTKHLFMQYSFLQDASSRNRRW,2,0,1,0,2,1,1,1,2,5,2,2,1,2,3,5,1,0,2,1
330,MESQTQSELPVVDFTNKNLKPGTDAWVSASQVVR,2,0,2,2,1,1,0,0,2,2,1,2,2,3,1,4,3,5,1,0
331,MDRREKSLEGGDKRGCGLMVEKLREGVSVGKKGG,0,1,2,4,0,8,0,0,5,3,2,0,0,0,4,2,0,3,0,0
332,MRQHKQVSSINRRPTVLYLVCVAALFSLLLFYTQ,2,1,0,0,2,0,1,1,1,6,1,1,1,3,3,3,2,4,0,2
333,MLVGFLNVDVTNFMIVIGLSFFRFQVGVRVDNFS,0,0,2,0,6,3,0,2,0,3,2,3,0,1,2,2,1,7,0,0
334,MKVAHVLHMNGGVGHASYANNSLVQQKVICLTKP,3,1,0,0,0,3,3,1,3,3,2,3,1,2,0,2,1,5,0,1
335,MMFLIMIMYCSLCLMMKSTTSLEEFWMMSLFLIS,0,2,0,2,3,0,0,3,1,6,8,0,0,0,0,5,2,0,1,1
336,MLQDMWNAPPGFRPSKSAPSSPAKPLGMVPRTRS,3,0,1,0,1,2,0,0,2,2,3,1,7,1,3,5,1,1,1,0
337,MDEDQEMERFGMENDYEGGQWIGGEFYYKNRKEK,0,0,3,7,2,5,0,1,3,0,3,2,0,2,2,0,0,0,1,3
338,MADPTAIYEFFKQQPSNGGGKRAPPPSSAGGTTR,4,0,1,1,2,5,0,1,2,0,1,1,5,2,2,3,3,0,0,1
339,MDFTAEKKESESNTENAHPTTLDSSSQLASALDS,4,0,3,4,1,0,1,0,2,3,1,2,1,1,0,7,4,0,0,0
340,MGIIEKIKEIEAEMARTQKNKATEYHLGQLKAKI,4,0,0,5,0,2,1,5,6,2,2,1,0,2,1,0,2,0,0,1
341,MVDTLEEKVTPDMKKDPIVVVVGTDAQPGNDLAE,2,0,5,3,0,2,0,1,3,2,2,1,3,1,0,0,3,6,0,0
342,MEQQSVLTLFFFRWFSIVGTVMANGSSDEDTDIS,1,0,3,2,4,2,0,2,0,2,2,1,0,2,1,5,3,3,1,0
343,MANGSSDEDTDISESEISEYEDKSYEELNNGSQN,1,0,4,7,0,2,0,2,1,1,1,4,0,1,0,7,1,0,0,2
344,MMHFFTIGYTQLPSTFCSLKSIFFFASTCSSANS,2,2,0,0,6,1,1,2,1,2,2,1,1,1,0,7,4,0,0,1
345,MIPQAKQNRPRTPPRRRFTPPWMPPHQRLTPSWM,1,0,0,0,1,0,1,1,1,1,3,1,9,3,6,1,3,0,2,0
346,MDELNCAMTTTTTENSNAELVQWERFLPRMVLRV,2,1,1,4,1,0,0,0,0,4,3,3,1,1,3,1,5,3,1,0
347,MIQFRIDIIVFMVYYLMVFSLLNVVIAVPDGLKA,2,0,2,0,3,1,0,5,1,4,3,1,1,1,1,1,0,6,0,2
348,MEVEARRIRRFVPQRPSHRTILPLHASSSSHNVS,2,0,0,2,1,0,3,2,0,2,1,1,3,1,6,6,1,3,0,0
349,MVTTGWYKKMGERIWAPWFIKFIQSRGYFNIYTN,1,0,0,1,3,3,0,4,3,0,2,2,1,1,2,1,3,1,3,3
350,MTVSASFSYDVFLSFRGSDTRYGFTGNLYNALSD,2,0,3,0,4,3,0,0,0,3,1,2,0,0,2,6,3,2,0,3
351,MAILVFSKNYASSSFCLDELVKIMECVKAKGRLI,3,2,1,2,2,1,0,3,4,4,2,1,0,0,1,4,0,3,0,1
352,MFLALLLSTSFSYDVFLSFRGSDTRYGFTGNLYN,1,0,2,0,5,3,0,0,0,6,1,2,0,0,2,5,3,1,0,3
353,MVEISSIVMCIHLTLCETLTNFKNLQNGNMFPPS,0,2,0,2,2,1,1,3,1,4,3,4,2,1,0,3,3,2,0,0
354,MENLILFYLHLQILFLHPCHQYFVPTTRSACILA,2,2,0,1,3,0,3,3,0,7,1,1,2,2,1,1,2,1,0,2
355,MGSKNANGKNHKDKRKKFKDNLNSNHSSTGDAKV,2,0,3,0,1,3,2,0,8,1,1,6,0,0,1,4,1,1,0,0
356,MRSFSSSSLFLLFFFFFSSSLSNPHNTPLTLKGV,0,0,0,0,7,1,1,0,1,6,1,2,2,0,1,9,2,1,0,0
357,MMMKNKVLILFFSALLSSTSYASNVNDFCVADLK,3,1,2,0,3,0,0,1,3,5,3,3,0,0,0,5,1,3,0,1
358,MMKNKVLILFFSALLSSTSYASNVNDFCVADLKG,3,1,2,0,3,1,0,1,3,5,2,3,0,0,0,5,1,3,0,1
359,MPGPAGQKSLSLTGSQPDATASGATTPGGSSSQG,4,0,1,0,0,7,0,0,1,2,1,0,4,3,0,7,4,0,0,0
360,MTRLEDNIKFSLFYVMEITRIGQWLSLLICVLLL,0,1,1,2,2,1,0,4,1,8,2,1,0,1,2,2,2,2,1,1
361,MLNFIVFYLLDTCRMEITRIGQWLSLLICVLLLL,0,2,1,1,2,1,0,4,0,10,2,1,0,1,2,1,2,2,1,1
362,MEITRIGQWLSLLICVLLLLQTEGVPVGITFVEN,0,1,0,3,1,3,0,4,0,7,1,1,1,2,1,1,3,4,1,0
363,MAEPSKVIHVRNVGHEISENDLLQLFQPFGVITK,1,0,1,3,2,2,2,3,2,3,1,2,2,2,1,2,1,4,0,0
364,MKNMFLILFFSALLISSTSNASNVNDFCVADLKG,3,1,2,0,4,1,0,2,2,5,2,4,0,0,0,5,1,2,0,0
365,MGFNLQPYGIQSMLKEGHKHLSGLDEAVLKNIDA,2,0,2,2,1,4,2,2,3,5,2,2,1,2,0,2,0,1,0,1
366,MSDERSKPWNIYPSSNTGPSQTGTGVDEEAPWKS,1,0,2,3,0,3,0,1,2,0,1,2,4,1,1,6,3,1,2,1
367,MLPCDYCHSKPAILFCRPDSAKLCLLCDQHVHAA,4,5,3,0,1,0,3,1,2,5,1,0,3,1,1,2,0,1,0,1
368,MNGYSRISGDDDSSSRRSMDHEGERFGVILGRSA,1,0,4,2,1,5,1,2,0,1,2,1,0,0,5,7,0,1,0,1
369,MAATGARLFSAALFRRYPPSPDGKTNSRRTPIAT,6,0,1,0,2,2,0,1,1,2,1,1,4,0,5,3,4,0,0,1
370,MVNISFLRNVRWRIQICCLSSSSCFFFLKLLGID,0,3,1,0,4,1,0,4,1,5,1,2,0,1,3,5,0,2,1,0
371,MANSRSWTQTWPCFVKLGVLNLVLVFKITALGDV,2,1,1,0,2,2,0,1,2,5,1,2,1,1,1,2,3,5,2,0
372,MIMNSPTPKGKANEIEEDQEEKAMPIWDCGSPLY,2,1,2,5,0,2,0,3,3,1,3,2,4,1,0,2,1,0,1,1
373,MATHICLSLCFLYITTLNLVSTLAQSDNYIIHMD,2,2,2,0,1,0,2,4,0,6,2,2,0,1,0,3,4,1,0,2
374,MKIFNWVHKRFHHHNTLKDGFATNMKKTEPTINN,1,0,1,1,3,1,4,2,5,1,2,5,1,0,1,0,4,1,1,0
375,MDPKGSKQQPQQSQEVVPNFLSLPQQQQGNTNNN,0,0,1,1,1,2,0,0,2,2,1,5,4,9,0,3,1,2,0,0
376,MAFLEFFLISLGASQGLRFSLLSQIVSLVNCLHH,2,1,0,1,4,2,2,2,0,8,1,1,0,2,1,5,0,2,0,0
377,MFSGASSSKSAQSTTPYGTSPFTVSIRKPIAPLN,3,0,0,0,2,2,0,2,2,1,1,1,4,1,1,8,4,1,0,1
378,MIKLVLFLFCFASALTLSVSESKSASVHPHAAES,5,1,0,2,3,0,2,1,2,5,1,0,1,0,0,7,1,3,0,0
379,MPTINPVRFKFMQAIITFMMMMLQVVVSAQDHIM,2,0,1,0,3,0,1,4,1,1,7,1,2,3,1,1,2,4,0,0
380,MKNLCEKDSGPTHLTYYALGRTSWGTSSESDVQQ,1,1,2,2,0,3,1,0,2,3,1,1,1,2,1,5,4,1,1,2
382,MIMNRKMKSTVGVCLLFLVLLEAMCCEGCWKEER,1,4,0,4,1,2,0,1,3,5,4,1,0,0,2,1,1,3,1,0
383,MPTGTNVRIAFSNDAARRAASRKRRMGILKKMEE,5,0,1,2,1,2,0,2,3,1,3,2,1,0,6,2,2,1,0,0
384,MGFLVTTLIFVVIGIIACLCTRICCNRGPSTNLF,1,4,0,0,3,3,0,5,0,4,1,2,1,0,2,1,4,3,0,0
385,MRAENLLQLQHRTQKCTLGCPVLDRCLAGGVPCA,3,4,1,1,0,3,1,0,1,6,1,1,2,3,3,0,2,2,0,0
386,MVQIARRKKGRPSKADLARRSGESQSDPRRSLRR,3,0,2,1,0,2,0,1,3,2,1,0,2,2,9,5,0,1,0,0
387,MDDGRKDTYGVFADPVDLEELPDYLDVIEHPMDF,1,0,8,3,2,2,1,1,1,3,2,0,3,0,1,0,1,3,0,2
388,MDFATVRKKLGNGSYTTLEQFESDVFLICSNAMQ,2,1,2,2,3,2,0,1,2,3,2,2,0,2,1,3,3,2,0,1
389,MQYNAPETIYHKQARSIQELGRKKFEKLRIGFER,2,0,0,4,2,2,1,3,4,2,1,1,1,3,4,1,1,0,0,2
390,MKQVVGMVVSNKMQKSVVVAVDRLFYHKLYDRYV,1,0,2,0,1,1,1,0,4,2,3,1,0,2,2,2,0,9,0,3
391,MVLRFRTLKTQSLSKKQQCLSLLNSCRSMDQLRQ,0,2,1,0,1,0,0,0,3,7,2,1,0,5,4,5,2,1,0,0
392,MTNKEYGDNNKISVCETSMLLVANIIRLSSLRFS,1,1,1,2,1,1,0,3,2,4,2,4,0,0,2,5,2,2,0,1
393,MHKYFTFKTNVVDSSTSISRRGIAEVLMKLLGMA,2,0,1,1,2,2,1,2,3,3,3,1,0,0,2,4,3,3,0,1
394,MHKYFTFKTNVVDRRGIAEVLMKLLGMAILFHLL,2,0,1,1,3,2,2,2,3,6,3,1,0,0,2,0,2,3,0,1
395,MKLLGMAILFHLLGNPRTAPKYISMIFGCMLRKS,2,1,0,0,2,3,1,3,3,6,4,1,2,0,2,2,1,0,0,1
396,MSGTEKAGSGTTKTPADFLKSIRGRPVVVKLNSG,2,0,1,1,1,5,0,1,4,2,1,1,2,0,2,4,4,3,0,0
397,MNCIEISCICRKRQKYFVRMNRKFGGGKQPTGTP,0,3,0,1,2,4,0,3,4,0,2,2,2,2,4,1,2,1,0,1
398,MLPLEHHFHYLPPLTHTKLKPFSRANSRVSLPHI,1,0,0,1,2,0,5,1,2,6,1,1,5,0,2,3,2,1,0,1
399,MMAADQQRIHPVHDVEAPHRPLVPENYAKSDKGI,4,0,3,2,0,1,3,2,2,1,2,1,4,2,2,1,0,3,0,1
400,MSFVFRGTRADIENGFPGFIPERRALRVHATRPS,3,0,1,2,4,3,1,2,0,1,1,1,3,0,6,2,2,2,0,0
401,MFIENFKVESPNVKYTETEIQSVYNYETTELVHE,0,0,0,7,2,0,1,2,2,1,1,3,1,1,0,2,4,4,0,3
402,MTRRKTKLTFIANDTERKTSYKKRKKSLLKKTEE,1,0,1,3,1,0,0,1,9,3,1,1,0,0,4,2,6,0,0,1
403,MNSGTIDFVEENGNGSDSDANSDDAPEYYQPISA,3,0,5,3,1,3,0,2,0,0,1,4,2,1,0,5,1,1,0,2
404,MGCRNRDSITENHTSSSSSSSDSLSEALLFTTMC,1,2,2,2,1,1,1,1,0,3,2,2,0,0,2,10,4,0,0,0
405,MTKKGKGNNNVGNEGFVDTLVILSSDLVQVVAKG,1,0,2,1,1,5,0,1,4,3,1,4,0,1,0,2,2,6,0,0
406,MASEEVLKAVFPFLDGVDLASCMAVDKQWKDIAS,5,1,4,2,2,1,0,1,3,3,2,0,1,1,0,3,0,4,1,0
407,MTKLKELIGIMKDKASQGKAAILSKRATLSLLRA,5,0,1,1,0,2,0,3,6,6,2,0,0,1,2,3,2,0,0,0
408,MGVDYYKLLQVDRNASDEDLKKAYRKLAMKWHPD,3,0,5,1,0,1,1,0,5,4,2,1,1,1,2,1,0,2,1,3
